Model_Name,Model_Description,Model_Type,Model_Download_link_Type,Model_Download_link,VAE_Download_link_Type,VAE_Download_link
Anything-V3.0 fp16 [38c1ebe3] (huggingface),"Anime model
Info https://www.bilibili.com/read/cv19603218",model,huggingface,https://huggingface.co/Linaqruf/anything-v3.0/resolve/main/Anything-V3.0-pruned.ckpt,huggingface,https://huggingface.co/Linaqruf/anything-v3.0/resolve/main/Anything-V3.0.vae.pt
Anything-V3.0 fp16 [38c1ebe3] (torrent),"Anime model
Infohttps://www.bilibili.com/read/cv196032188",model,torrent,magnet:?xt=urn:btih:45cd353ac4fa87098db5e3a6a349539710a3a1f5&dn=Anything-V3.0-fp16.zip&tr=udp%3a%2f%2ftracker.opentrackr.org%3a1337%2fannounce&tr=udp%3a%2f%2f9.rarbg.com%3a2810%2fannounce&tr=udp%3a%2f%2fopentracker.i2p.rocks%3a6969%2fannounce&tr=https%3a%2f%2fopentracker.i2p.rocks%3a443%2fannounce&tr=udp%3a%2f%2ftracker.torrent.eu.org%3a451%2fannounce&tr=udp%3a%2f%2fopen.stealth.si%3a80%2fannounce&tr=http%3a%2f%2ftracker.openbittorrent.com%3a80%2fannounce&tr=udp%3a%2f%2fvibe.sleepyinternetfun.xyz%3a1738%2fannounce&tr=udp%3a%2f%2ftracker1.bt.moack.co.kr%3a80%2fannounce&tr=udp%3a%2f%2ftracker.zerobytes.xyz%3a1337%2fannounce&tr=udp%3a%2f%2ftracker.tiny-vps.com%3a6969%2fannounce&tr=udp%3a%2f%2ftracker.theoks.net%3a6969%2fannounce&tr=udp%3a%2f%2ftracker.swateam.org.uk%3a2710%2fannounce&tr=udp%3a%2f%2ftracker.publictracker.xyz%3a6969%2fannounce&tr=udp%3a%2f%2ftracker.monitorit4.me%3a6969%2fannounce&tr=udp%3a%2f%2ftracker.moeking.me%3a6969%2fannounce&tr=udp%3a%2f%2ftracker.encrypted-data.xyz%3a1337%2fannounce&tr=udp%3a%2f%2ftracker.dler.org%3a6969%2fannounce&tr=udp%3a%2f%2ftracker.army%3a6969%2fannounce&tr=udp%3a%2f%2ftracker.altrosky.nl%3a6969%2fannounce,,
Anything-V3.0 fp32 [1a7df6b8] (torrent),"Anime model
Infohttps://www.bilibili.com/read/cv196032188",model,torrent,"magnet:?xt=urn:btih:d9db662ab5ace77004b3348c23c9381380c27156&dn=Anything-V3.0-fp32.zip&tr=udp%3a%2f%2ftracker.opentrackr.org%3a1337%2fannounce&tr=udp%3a%2f%2f9.rarbg.com%3a2810%2fannounce&tr=udp%3a%2f%2fopentracker.i2p.rocks%3a6969%2fannounce&tr=https%3a%2f%2fopentracker.i2p.rocks%3a443%2fannounce&tr=udp%3a%2f%2ftracker.torrent.eu.org%3a451%2fannounce&tr=udp%3a%2f%2fopen.stealth.si%3a80%2fannounce&tr=http%3a%2f%2ftracker.openbittorrent.com%3a80%2fannounce&tr=udp%3a%2f%2fvibe.sleepyinternetfun.xyz%3a1738%2fannounce&tr=udp%3a%2f%2ftracker1.bt.moack.co.kr%3a80%2fannounce&tr=udp%3a%2f%2ftracker.zerobytes.xyz%3a1337%2fannounce&tr=udp%3a%2f%2ftracker.tiny-vps.com%3a6969%2fannounce&tr=udp%3a%2f%2ftracker.theoks.net%3a6969%2fannounce&tr=udp%3a%2f%2ftracker.swateam.org.uk%3a2710%2fannounce&tr=udp%3a%2f%2ftracker.publictracker.xyz%3a6969%2fannounce&tr=udp%3a%2f%2ftracker.monitorit4.me%3a6969%2fannounce&tr=udp%3a%2f%2ftracker.moeking.me%3a6969%2fannounce&tr=udp%3a%2f%2ftracker.encrypted-data.xyz%3a1337%2fannounce&tr=udp%3a%2f%2ftracker.dler.org%3a6969%2fannounce&tr=udp%3a%2f%2ftracker.army%3a6969%2fannounce&tr=udp%3a%2f%2ftracker.altrosky.nl%3a6969%2fannounce",,
Anything-V3.0 Full EMA [6569e224] (torrent),"Anime model
Infohttps://www.bilibili.com/read/cv196032188",model,torrent,"magnet:?xt=urn:btih:80460036625fb61dce4bc6e7dab744744309a2a0&dn=Anything-V3.0-fullema.zip&tr=udp%3a%2f%2ftracker.opentrackr.org%3a1337%2fannounce&tr=udp%3a%2f%2f9.rarbg.com%3a2810%2fannounce&tr=udp%3a%2f%2fopentracker.i2p.rocks%3a6969%2fannounce&tr=https%3a%2f%2fopentracker.i2p.rocks%3a443%2fannounce&tr=udp%3a%2f%2ftracker.torrent.eu.org%3a451%2fannounce&tr=udp%3a%2f%2fopen.stealth.si%3a80%2fannounce&tr=http%3a%2f%2ftracker.openbittorrent.com%3a80%2fannounce&tr=udp%3a%2f%2fvibe.sleepyinternetfun.xyz%3a1738%2fannounce&tr=udp%3a%2f%2ftracker1.bt.moack.co.kr%3a80%2fannounce&tr=udp%3a%2f%2ftracker.zerobytes.xyz%3a1337%2fannounce&tr=udp%3a%2f%2ftracker.tiny-vps.com%3a6969%2fannounce&tr=udp%3a%2f%2ftracker.theoks.net%3a6969%2fannounce&tr=udp%3a%2f%2ftracker.swateam.org.uk%3a2710%2fannounce&tr=udp%3a%2f%2ftracker.publictracker.xyz%3a6969%2fannounce&tr=udp%3a%2f%2ftracker.monitorit4.me%3a6969%2fannounce&tr=udp%3a%2f%2ftracker.moeking.me%3a6969%2fannounce&tr=udp%3a%2f%2ftracker.encrypted-data.xyz%3a1337%2fannounce&tr=udp%3a%2f%2ftracker.dler.org%3a6969%2fannounce&tr=udp%3a%2f%2ftracker.army%3a6969%2fannounce&tr=udp%3a%2f%2ftracker.altrosky.nl%3a6969%2fannounce",,
Cafe Unofficial Instagram TEST Model [50b987ae] (torrent),"Trained on ~140k Instagram images made up of primarily Japanese accounts (mix of cosplay, model, and personal accounts)
While the model can create some realistic Instagram-esque images on its own, for full potential, it is recommended that it be merged with another model (such as berry or anything)",model,torrent,magnet:?xt=urn:btih:eb085b3e22310a338e6ea00172cb887c10c54cbc&dn=cafe-instagram-unofficial-test-epoch-9-140k-images-fp32.ckpt&tr=udp%3A%2F%2Ftracker.openbittorrent.com%3A80&tr=udp%3A%2F%2Fopentor.org%3A2710&tr=udp%3A%2F%2Ftracker.ccc.de%3A80&tr=udp%3A%2F%2Ftracker.blackunicorn.xyz%3A6969&tr=udp%3A%2F%2Ftracker.coppersurfer.tk%3A6969&tr=udp%3A%2F%2Ftracker.leechers-paradise.org%3A6969,,
SmirkingFace SF_EB_1.0_ema_vae.ckpt [7f115f17] (generate),"SmirkingFace is a project that aims to finetune the Stable Diffusion model with high quality erotic content and allow it to generate a large variety of erotic content.
In case you're uncertain which model you need, the EB 1.0 EMA model tends to perform well in many cases. EBL 1.0 has been trained for the longest, but will require code for our modified model to work (released on our github).
Note: All our models include the updated MSE VAE released by Stability AI.",model,generate,"https://file192.gofile.io/download/4bce38ba-1c24-47b6-ad0a-f3efa0aa6ff5/SF_EB_1.0_ema_vae.zip",,
SmirkingFace SF_EB_1.0_ema_vae.ckpt [7f115f17] (torrent),"SmirkingFace is a project that aims to finetune the Stable Diffusion model with high quality erotic content and allow it to generate a large variety of erotic content.
In case you're uncertain which model you need, the EB 1.0 EMA model tends to perform well in many cases. EBL 1.0 has been trained for the longest, but will require code for our modified model to work (released on our github).
Note: All our models include the updated MSE VAE released by Stability AI.",model,torrent,"magnet:?xt=urn:btih:a0bcc397b2c3c101755245fd9b26ae1aa8d5d580&dn=SF_EB_1.0_ema_vae.zip&tr=udp%3a%2f%2ftracker.opentrackr.org%3a1337%2fannounce&tr=udp%3a%2f%2f9.rarbg.com%3a2810%2fannounce&tr=udp%3a%2f%2ftracker.openbittorrent.com%3a6969%2fannounce&tr=udp%3a%2f%2fopentracker.i2p.rocks%3a6969%2fannounce&tr=https%3a%2f%2fopentracker.i2p.rocks%3a443%2fannounce&tr=http%3a%2f%2ftracker.openbittorrent.com%3a80%2fannounce&tr=udp%3a%2f%2ftracker.torrent.eu.org%3a451%2fannounce&tr=udp%3a%2f%2fopen.stealth.si%3a80%2fannounce&tr=udp%3a%2f%2fvibe.sleepyinternetfun.xyz%3a1738%2fannounce&tr=udp%3a%2f%2ftracker2.dler.org%3a80%2fannounce&tr=udp%3a%2f%2ftracker1.bt.moack.co.kr%3a80%2fannounce&tr=udp%3a%2f%2ftracker.zemoj.com%3a6969%2fannounce&tr=udp%3a%2f%2ftracker.tiny-vps.com%3a6969%2fannounce&tr=udp%3a%2f%2ftracker.theoks.net%3a6969%2fannounce&tr=udp%3a%2f%2ftracker.publictracker.xyz%3a6969%2fannounce&tr=udp%3a%2f%2ftracker.monitorit4.me%3a6969%2fannounce&tr=udp%3a%2f%2ftracker.moeking.me%3a6969%2fannounce&tr=udp%3a%2f%2ftracker.lelux.fi%3a6969%2fannounce&tr=udp%3a%2f%2ftracker.dler.org%3a6969%2fannounce&tr=udp%3a%2f%2ftracker.army%3a6969%2fannounce",,
SmirkingFace SF_EB_1.0_noema_vae.ckpt [7010a578] (generate),"SmirkingFace is a project that aims to finetune the Stable Diffusion model with high quality erotic content and allow it to generate a large variety of erotic content.
In case you're uncertain which model you need, the EB 1.0 EMA model tends to perform well in many cases. EBL 1.0 has been trained for the longest, but will require code for our modified model to work (released on our github).
Note: All our models include the updated MSE VAE released by Stability AI.",model,generate,https://store10.gofile.io/download/a9ae1716-1492-41d9-b93e-14cb11af6cc4/SF_EB_1.0_noema_vae.zip,,
SmirkingFace SF_EB_1.0_noema_vae.ckpt [7010a578] (torrent),"SmirkingFace is a project that aims to finetune the Stable Diffusion model with high quality erotic content and allow it to generate a large variety of erotic content.
In case you're uncertain which model you need, the EB 1.0 EMA model tends to perform well in many cases. EBL 1.0 has been trained for the longest, but will require code for our modified model to work (released on our github).
Note: All our models include the updated MSE VAE released by Stability AI.",model,torrent,magnet:?xt=urn:btih:3d73f553ce18ec0bae3811edb37a904c5e82c56d&dn=SF_EB_1.0_noema_vae.zip&tr=udp%3a%2f%2ftracker.opentrackr.org%3a1337%2fannounce&tr=udp%3a%2f%2f9.rarbg.com%3a2810%2fannounce&tr=udp%3a%2f%2ftracker.openbittorrent.com%3a6969%2fannounce&tr=udp%3a%2f%2fopentracker.i2p.rocks%3a6969%2fannounce&tr=https%3a%2f%2fopentracker.i2p.rocks%3a443%2fannounce&tr=http%3a%2f%2ftracker.openbittorrent.com%3a80%2fannounce&tr=udp%3a%2f%2ftracker.torrent.eu.org%3a451%2fannounce&tr=udp%3a%2f%2fopen.stealth.si%3a80%2fannounce&tr=udp%3a%2f%2fvibe.sleepyinternetfun.xyz%3a1738%2fannounce&tr=udp%3a%2f%2ftracker2.dler.org%3a80%2fannounce&tr=udp%3a%2f%2ftracker1.bt.moack.co.kr%3a80%2fannounce&tr=udp%3a%2f%2ftracker.zemoj.com%3a6969%2fannounce&tr=udp%3a%2f%2ftracker.tiny-vps.com%3a6969%2fannounce&tr=udp%3a%2f%2ftracker.theoks.net%3a6969%2fannounce&tr=udp%3a%2f%2ftracker.publictracker.xyz%3a6969%2fannounce&tr=udp%3a%2f%2ftracker.monitorit4.me%3a6969%2fannounce&tr=udp%3a%2f%2ftracker.moeking.me%3a6969%2fannounce&tr=udp%3a%2f%2ftracker.lelux.fi%3a6969%2fannounce&tr=udp%3a%2f%2ftracker.dler.org%3a6969%2fannounce&tr=udp%3a%2f%2ftracker.army%3a6969%2fannounce,,
SXD-v0.8 (generate),Hardcore sex act model with realistic tentacle porn as a side project. Made with smirkingface's SD repo. Both pruned and full versions available,model,generate,https://pixeldrain.com/l/hNc8DomC,,
gg1342_testrun1_pruned.ckpt [43076286] [2ccc3e58] (torrent),A test run that was trained on 280 NSFW images (nude solo women) + another 80 SFW images of a few fictional characters.,model,torrent,magnet:?xt=urn:btih:c95e266e15e13cf0e2d69b29338a89a94d736546&dn=gg1342_testrun1_pruned.ckpt&tr=udp%3A%2F%2Ftracker.opentrackr.org%3A1337%2Fannounce&tr=udp%3A%2F%2F9.rarbg.com%3A2810%2Fannounce&tr=udp%3A%2F%2Ftracker.openbittorrent.com%3A6969%2Fannounce&tr=udp%3A%2F%2Fopentracker.i2p.rocks%3A6969%2Fannounce&tr=https%3A%2F%2Fopentracker.i2p.rocks%3A443%2Fannounce&tr=http%3A%2F%2Ftracker.openbittorrent.com%3A80%2Fannounce&tr=udp%3A%2F%2Ftracker.torrent.eu.org%3A451%2Fannounce&tr=udp%3A%2F%2Fopen.stealth.si%3A80%2Fannounce&tr=udp%3A%2F%2Ftracker.tiny-vps.com%3A6969%2Fannounce&tr=udp%3A%2F%2Fzecircle.xyz%3A6969%2Fannounce&tr=udp%3A%2F%2Fyahor.ftp.sh%3A6969%2Fannounce&tr=udp%3A%2F%2Fvibe.sleepyinternetfun.xyz%3A1738%2Fannounce&tr=udp%3A%2F%2Fv2.iperson.xyz%3A6969%2Fannounce&tr=udp%3A%2F%2Fuploads.gamecoast.net%3A6969%2Fannounce&tr=udp%3A%2F%2Ftracker2.dler.org%3A80%2Fannounce&tr=udp%3A%2F%2Ftracker1.bt.moack.co.kr%3A80%2Fannounce&tr=udp%3A%2F%2Ftracker.theoks.net%3A6969%2Fannounce&tr=udp%3A%2F%2Ftracker.tcp.exchange%3A6969%2Fannounce&tr=udp%3A%2F%2Ftracker.swateam.org.uk%3A2710%2Fannounce&tr=udp%3A%2F%2Ftracker.publictracker.xyz%3A6969%2Fannounce&tr=http%3A%2F%2Ftracker.bt4g.com%3A2095%2Fannounce,,
Pyro's Blowjob Model v1.0 [9b5251e8] (generate),https://rentry.org/pyros-sd-model,model,generate,https://anonfiles.com/6123m6F6y9/pyros-bj-v1-0_ckpt,,
Pyro's Blowjob Model v1.0 [9b5251e8] (mega),https://rentry.org/pyros-sd-model,model,mega,https://mega.nz/file/lLtjCLwb#KgXPDzbTotcb0_quzzBMm6DaDCuSFIaF8CXxw1WsEs8,,
Pyro's POV Cowgirl Model Model A (mega),https://rentry.org/pyros-pov-model,model,mega,https://mega.nz/file/4KlgyBaI#xMEXTND8PZKWQxz4c9usGWr8-Qi2I4E8Po7y72hFXGI,,
Pyro's POV Cowgirl Model Model B (mega),https://rentry.org/pyros-pov-modell,model,mega,https://mega.nz/file/IS10jJCb#pznXciqCN6K__DRoYxcXLtf7LgWZ0lmYFLpl-0Q66rE,,
Easter easter_e5 [da453598] (mega),"General lewd model, ""Easter.ckpt""! Trained on about 180k images from gelbooru and e621.
NSFW and niche content is included. I take no responsibility for the model's outputs!
Model seems better at the front than the back.
Suggested negative prompt: ""Letterbox"".
The name comes from its tendency to mix rabbits and eggs.",model,mega,https://mega.nz/file/1vQVHbBI#W0hrTSMy9CvUxzhWShmtGsUf4AV6ndHze5NPTLqqhKU,,
Easter easter_e5 [da453598] (torrent),"General lewd model, ""Easter.ckpt""! Trained on about 180k images from gelbooru and e621.
NSFW and niche content is included. I take no responsibility for the model's outputs!
Model seems better at the front than the back.
Suggested negative prompt: ""Letterbox"".
The name comes from its tendency to mix rabbits and eggs.",model,torrent,"magnet:?xt=urn:btih:da3395f01a1063d1980c3c2c610c25a7a20ebce8&dn=easter_e5%20%5bda453598%5d%20plus%20tags.zip&tr=udp%3a%2f%2ftracker.opentrackr.org%3a1337%2fannounce&tr=udp%3a%2f%2f9.rarbg.com%3a2810%2fannounce&tr=udp%3a%2f%2fopentracker.i2p.rocks%3a6969%2fannounce&tr=udp%3a%2f%2fopen.stealth.si%3a80%2fannounce&tr=https%3a%2f%2fopentracker.i2p.rocks%3a443%2fannounce&tr=udp%3a%2f%2ftracker.torrent.eu.org%3a451%2fannounce&tr=udp%3a%2f%2ftracker.openbittorrent.com%3a6969%2fannounce&tr=http%3a%2f%2ftracker.openbittorrent.com%3a80%2fannounce&tr=udp%3a%2f%2fvibe.sleepyinternetfun.xyz%3a1738%2fannounce&tr=udp%3a%2f%2ftracker2.dler.org%3a80%2fannounce&tr=udp%3a%2f%2ftracker1.bt.moack.co.kr%3a80%2fannounce&tr=udp%3a%2f%2ftracker.zerobytes.xyz%3a1337%2fannounce&tr=udp%3a%2f%2ftracker.zemoj.com%3a6969%2fannounce&tr=udp%3a%2f%2ftracker.tiny-vps.com%3a6969%2fannounce&tr=udp%3a%2f%2ftracker.theoks.net%3a6969%2fannounce&tr=udp%3a%2f%2ftracker.swateam.org.uk%3a2710%2fannounce&tr=udp%3a%2f%2ftracker.publictracker.xyz%3a6969%2fannounce&tr=udp%3a%2f%2ftracker.moeking.me%3a6969%2fannounce&tr=udp%3a%2f%2ftracker.encrypted-data.xyz%3a1337%2fannounce&tr=udp%3a%2f%2ftracker.dler.org%3a6969%2fannounce",,
Easter easter_e4 [3997b596] (mega),"General lewd model, ""Easter.ckpt""! Trained on about 180k images from gelbooru and e621.
NSFW and niche content is included. I take no responsibility for the model's outputs!
Model seems better at the front than the back.
Suggested negative prompt: ""Letterbox"".
The name comes from its tendency to mix rabbits and eggs.",model,mega,https://mega.nz/file/4vADAYYY#m7K2OVQrEYhmi5e3wUnkdb2xg6ewotysAt7Z0Rras6g,,
Easter easter_e3 [9c5ade34] (mega),"General lewd model, ""Easter.ckpt""! Trained on about 180k images from gelbooru and e621.
NSFW and niche content is included. I take no responsibility for the model's outputs!
Model seems better at the front than the back.
Suggested negative prompt: ""Letterbox"".
The name comes from its tendency to mix rabbits and eggs.
Currently on epoch 3.",model,mega,https://mega.nz/file/l3RRiIzI#hHGR6rYAJ0-weE8kef7bBUq5u2WjI3oTP92A7atTINw,,
Easter easter_e3 [9c5ade34] (torrent),"General lewd model, ""Easter.ckpt""! Trained on about 180k images from gelbooru and e621.
NSFW and niche content is included. I take no responsibility for the model's outputs!
Model seems better at the front than the back.
Suggested negative prompt: ""Letterbox"".
The name comes from its tendency to mix rabbits and eggs.
Currently on epoch 3.",model,torrent,magnet:?xt=urn:btih:79d1adf55ab8336e095215f3d293fa3c29d57528&dn=easter_e3.ckpt&tr=udp%3a%2f%2ftracker.opentrackr.org%3a1337%2fannounce&tr=udp%3a%2f%2f9.rarbg.com%3a2810%2fannounce&tr=udp%3a%2f%2ftracker.openbittorrent.com%3a6969%2fannounce&tr=udp%3a%2f%2ftracker.torrent.eu.org%3a451%2fannounce&tr=udp%3a%2f%2fopen.stealth.si%3a80%2fannounce&tr=http%3a%2f%2ftracker.openbittorrent.com%3a80%2fannounce&tr=udp%3a%2f%2fvibe.sleepyinternetfun.xyz%3a1738%2fannounce&tr=udp%3a%2f%2ftracker2.dler.org%3a80%2fannounce&tr=udp%3a%2f%2ftracker1.bt.moack.co.kr%3a80%2fannounce&tr=udp%3a%2f%2ftracker.zerobytes.xyz%3a1337%2fannounce&tr=udp%3a%2f%2ftracker.tiny-vps.com%3a6969%2fannounce&tr=udp%3a%2f%2ftracker.theoks.net%3a6969%2fannounce&tr=udp%3a%2f%2ftracker.swateam.org.uk%3a2710%2fannounce&tr=udp%3a%2f%2ftracker.srv00.com%3a6969%2fannounce&tr=udp%3a%2f%2ftracker.publictracker.xyz%3a6969%2fannounce&tr=udp%3a%2f%2ftracker.monitorit4.me%3a6969%2fannounce&tr=udp%3a%2f%2ftracker.moeking.me%3a6969%2fannounce&tr=udp%3a%2f%2ftracker.lelux.fi%3a6969%2fannounce&tr=udp%3a%2f%2ftracker.encrypted-data.xyz%3a1337%2fannounce&tr=udp%3a%2f%2ftracker.army%3a6969%2fannounce,,
Hentai Diffusion HD-16.ckpt [e2ec4647] (huggingface),"Repo https://huggingface.co/Deltaadams/Hentai-Diffusion/tree/main
Supposedly will update weekly, so check the repo, it might be more current than this listing.
The pruned torrents below are with EMA weights removed.

This model was based on Waifu Diffusion 1.2, and trained on 150,000 images from R34 and gelbooru.
Focused training has been done of more obscure poses such as crouching and facing away from the viewer, along with a focus on improving hands.
Using tags from the site in prompts is recommended. Adding 1girl to the start of the prompt will help get better results.",model,huggingface,https://huggingface.co/Deltaadams/Hentai-Diffusion/resolve/main/HD-16.ckpt,,
Hentai Diffusion RD1412.ckpt [2140af02] [5b87f0e6] [4fdde306] (huggingface),"Repo https://huggingface.co/Deltaadams/Hentai-Diffusion/tree/main
Supposedly will update weekly, so check the repo, it might be more current than this listing.
The pruned torrents below are with EMA weights removed.

This model was based on Waifu Diffusion 1.2, and trained on 150,000 images from R34 and gelbooru.
Focused training has been done of more obscure poses such as crouching and facing away from the viewer, along with a focus on improving hands.
Using tags from the site in prompts is recommended. Adding 1girl to the start of the prompt will help get better results.",model,huggingface,"https://huggingface.co/Deltaadams/Hentai-Diffusion/resolve/main/RD1412.ckpt",,
Hentai Diffusion RD1212.ckpt [a1f5a67e] [37b5398c] [3b3459c8] (huggingface),"Repo https://huggingface.co/Deltaadams/Hentai-Diffusion/tree/main
Supposedly will update weekly, so check the repo, it might be more current than this listing.
The pruned torrents below are with EMA weights removed.

This model was based on Waifu Diffusion 1.2, and trained on 150,000 images from R34 and gelbooru.
Focused training has been done of more obscure poses such as crouching and facing away from the viewer, along with a focus on improving hands.
Using tags from the site in prompts is recommended. Adding 1girl to the start of the prompt will help get better results.",model,huggingface,https://huggingface.co/Deltaadams/Hentai-Diffusion/resolve/main/RD1212.ckpt,,
Bare Feet / Full Body b4_t16_noadd [03e33bb4] [2bd8166c] [9012c514] (torrent),"High quality labels only (the ""curated"" model).
Preview grid https://i.imgur.com/2sJGz3j.jpeg

A very WIP checkpoint focused on Bare Foot (BF) Full Body (FB) nude female images - best used if you are trying for accurate photorealistic feet or female genitalia, both of which normal SD struggles with
It is very much WIP
Extremely specialized, and lost a lot of general purpose capability and ability to stylize.",model,torrent,"magnet:?xt=urn:btih:9530a8a0b43f83366216ab853b4419aa2056da58&dn=bf_fb_v3_t4_b16_noadd-ema-pruned-fp16.ckpt&tr=udp%3a%2f%2ftracker.opentrackr.org%3a1337%2fannounce&tr=udp%3a%2f%2f9.rarbg.com%3a2810%2fannounce&tr=udp%3a%2f%2ftracker.openbittorrent.com%3a6969%2fannounce&tr=http%3a%2f%2ftracker.openbittorrent.com%3a80%2fannounce&tr=udp%3a%2f%2fopentracker.i2p.rocks%3a6969%2fannounce&tr=https%3a%2f%2fopentracker.i2p.rocks%3a443%2fannounce&tr=udp%3a%2f%2ftracker.torrent.eu.org%3a451%2fannounce&tr=udp%3a%2f%2ftracker.tiny-vps.com%3a6969%2fannounce&tr=udp%3a%2f%2ftracker.skyts.net%3a6969%2fannounce&tr=udp%3a%2f%2ftracker.pomf.se%3a80%2fannounce&tr=udp%3a%2f%2ftracker.moeking.me%3a6969%2fannounce&tr=udp%3a%2f%2ftracker.dler.org%3a6969%2fannounce&tr=udp%3a%2f%2ftracker.0x.tf%3a6969%2fannounce&tr=udp%3a%2f%2fp4p.arenabg.com%3a1337%2fannounce&tr=udp%3a%2f%2fopen.stealth.si%3a80%2fannounce&tr=udp%3a%2f%2fopen.demonii.com%3a1337%2fannounce&tr=udp%3a%2f%2fmovies.zsw.ca%3a6969%2fannounce&tr=udp%3a%2f%2fexplodie.org%3a6969%2fannounce&tr=udp%3a%2f%2fexodus.desync.com%3a6969%2fannounce&tr=udp%3a%2f%2fbt.oiyo.tk%3a6969%2fannounce",,
Bare Feet / Full Body b4_t16_noadd [03e33bb4] [2bd8166c] [9012c514] (torrent),"High quality labels only (the ""curated"" model).
Preview grid https://i.imgur.com/2sJGz3j.jpeg

A very WIP checkpoint focused on Bare Foot (BF) Full Body (FB) nude female images - best used if you are trying for accurate photorealistic feet or female genitalia, both of which normal SD struggles with
It is very much WIP
Extremely specialized, and lost a lot of general purpose capability and ability to stylize.",model,torrent,magnet:?xt=urn:btih:1f6bab17c548e35ac2a412e3e9119e5f4e00bb50&dn=bf_fb_v3_t4_b16_noadd-ema-pruned-fp32.ckpt&tr=udp%3a%2f%2ftracker.opentrackr.org%3a1337%2fannounce&tr=udp%3a%2f%2f9.rarbg.com%3a2810%2fannounce&tr=udp%3a%2f%2ftracker.openbittorrent.com%3a6969%2fannounce&tr=http%3a%2f%2ftracker.openbittorrent.com%3a80%2fannounce&tr=udp%3a%2f%2fopentracker.i2p.rocks%3a6969%2fannounce&tr=https%3a%2f%2fopentracker.i2p.rocks%3a443%2fannounce&tr=udp%3a%2f%2ftracker.torrent.eu.org%3a451%2fannounce&tr=udp%3a%2f%2ftracker.tiny-vps.com%3a6969%2fannounce&tr=udp%3a%2f%2ftracker.skyts.net%3a6969%2fannounce&tr=udp%3a%2f%2ftracker.pomf.se%3a80%2fannounce&tr=udp%3a%2f%2ftracker.moeking.me%3a6969%2fannounce&tr=udp%3a%2f%2ftracker.dler.org%3a6969%2fannounce&tr=udp%3a%2f%2ftracker.0x.tf%3a6969%2fannounce&tr=udp%3a%2f%2fp4p.arenabg.com%3a1337%2fannounce&tr=udp%3a%2f%2fopen.stealth.si%3a80%2fannounce&tr=udp%3a%2f%2fopen.demonii.com%3a1337%2fannounce&tr=udp%3a%2f%2fmovies.zsw.ca%3a6969%2fannounce&tr=udp%3a%2f%2fexplodie.org%3a6969%2fannounce&tr=udp%3a%2f%2fexodus.desync.com%3a6969%2fannounce&tr=udp%3a%2f%2fbt.oiyo.tk%3a6969%2fannounce,,
Lewd Diffusion 70k 2e [f4030c43] (torrent),"LD-70k-2e-pruned.ckpt
70k explicit images from danbooru
2 epochs
Base model Waifu Diffusion v1.2
Dataset: https://drive.google.com/drive/folders/1f_BYi88LLTZUzBHkUz8PDgw6l7M7swkd?usp=sharing
Dataset stats: https://docs.google.com/spreadsheets/d/1BzNSXyT4fhiM64DwIJSCyAXuhRQ9fkxqcr-t1frIYkc/edit",model,torrent,magnet:?xt=urn:btih:U5RICVYDEJL6LIJJWFKQOIVO5GMGCJNW&dn=last-pruned.ckpt&xl=3852165809&tr=udp%3A%2F%2Ftracker.opentrackr.org%3A1337%2Fannounce,,
Lewd Diffusion 70k 1e [950d323b] (torrent),"LD-70k-1e-pruned.ckpt
70k explicit from danbooru
1 epoch
Base model Waifu Diffusion v1.2
Dataset: https://drive.google.com/drive/folders/1f_BYi88LLTZUzBHkUz8PDgw6l7M7swkd?usp=sharing
Dataset stats: https://docs.google.com/spreadsheets/d/1BzNSXyT4fhiM64DwIJSCyAXuhRQ9fkxqcr-t1frIYkc/edit",model,torrent,magnet:?xt=urn:btih:fca8782a5a9861a6beb1aa3b48938bd1da1a665e&dn=LD-70k-1e-pruned.ckpt&tr=udp%3A%2F%2Ftracker.opentrackr.org%3A1337%2Fannounce&tr=udp%3A%2F%2F9.rarbg.com%3A2810%2Fannounce&tr=udp%3A%2F%2Ftracker.openbittorrent.com%3A6969%2Fannounce&tr=udp%3A%2F%2Fopentracker.i2p.rocks%3A6969%2Fannounce&tr=https%3A%2F%2Fopentracker.i2p.rocks%3A443%2Fannounce&tr=http%3A%2F%2Ftracker.openbittorrent.com%3A80%2Fannounce&tr=udp%3A%2F%2Ftracker.torrent.eu.org%3A451%2Fannounce&tr=udp%3A%2F%2Fopen.stealth.si%3A80%2Fannounce&tr=udp%3A%2F%2Ftracker.tiny-vps.com%3A6969%2Fannounce&tr=udp%3A%2F%2Fzecircle.xyz%3A6969%2Fannounce&tr=udp%3A%2F%2Fyahor.ftp.sh%3A6969%2Fannounce&tr=udp%3A%2F%2Fvibe.sleepyinternetfun.xyz%3A1738%2Fannounce&tr=udp%3A%2F%2Fv2.iperson.xyz%3A6969%2Fannounce&tr=udp%3A%2F%2Fuploads.gamecoast.net%3A6969%2Fannounce&tr=udp%3A%2F%2Ftracker2.dler.org%3A80%2Fannounce&tr=udp%3A%2F%2Ftracker1.bt.moack.co.kr%3A80%2Fannounce&tr=udp%3A%2F%2Ftracker.theoks.net%3A6969%2Fannounce&tr=udp%3A%2F%2Ftracker.tcp.exchange%3A6969%2Fannounce&tr=udp%3A%2F%2Ftracker.swateam.org.uk%3A2710%2Fannounce&tr=udp%3A%2F%2Ftracker.publictracker.xyz%3A6969%2Fannounce&tr=http%3A%2F%2Ftracker.bt4g.com%3A2095%2Fannounce,,
Lewd Diffusion v0 [07734b46] (torrent),"Lewd-diffusion-pruned.ckpt
Danbooru21 NSFW epoch0
40K Images
1 Full Epoch
Base model Waifu Diffusion v1.2
Dataset: https://drive.google.com/drive/folders/1f_BYi88LLTZUzBHkUz8PDgw6l7M7swkd?usp=sharing",model,torrent,magnet:?xt=urn:btih:f6976fbe3b9f93469bb62eb0c4950643b09f1f83&dn=Lewd-diffusion-pruned.ckpt&tr=udp%3A%2F%2Ftracker.opentrackr.org%3A1337%2Fannounce&tr=udp%3A%2F%2F9.rarbg.com%3A2810%2Fannounce&tr=udp%3A%2F%2Ftracker.openbittorrent.com%3A6969%2Fannounce&tr=udp%3A%2F%2Fopentracker.i2p.rocks%3A6969%2Fannounce&tr=https%3A%2F%2Fopentracker.i2p.rocks%3A443%2Fannounce&tr=http%3A%2F%2Ftracker.openbittorrent.com%3A80%2Fannounce&tr=udp%3A%2F%2Ftracker.torrent.eu.org%3A451%2Fannounce&tr=udp%3A%2F%2Fopen.stealth.si%3A80%2Fannounce&tr=udp%3A%2F%2Ftracker.tiny-vps.com%3A6969%2Fannounce&tr=udp%3A%2F%2Fzecircle.xyz%3A6969%2Fannounce&tr=udp%3A%2F%2Fyahor.ftp.sh%3A6969%2Fannounce&tr=udp%3A%2F%2Fvibe.sleepyinternetfun.xyz%3A1738%2Fannounce&tr=udp%3A%2F%2Fv2.iperson.xyz%3A6969%2Fannounce&tr=udp%3A%2F%2Fuploads.gamecoast.net%3A6969%2Fannounce&tr=udp%3A%2F%2Ftracker2.dler.org%3A80%2Fannounce&tr=udp%3A%2F%2Ftracker1.bt.moack.co.kr%3A80%2Fannounce&tr=udp%3A%2F%2Ftracker.theoks.net%3A6969%2Fannounce&tr=udp%3A%2F%2Ftracker.tcp.exchange%3A6969%2Fannounce&tr=udp%3A%2F%2Ftracker.swateam.org.uk%3A2710%2Fannounce&tr=udp%3A%2F%2Ftracker.publictracker.xyz%3A6969%2Fannounce&tr=http%3A%2F%2Ftracker.bt4g.com%3A2095%2Fannounce,,
Yiffy yiffy-e18.ckpt [50ad914b] (direct),"Based on yiffy-e15, trained for a further 3 epochs using a dataset of 210k images from e621.

This will likely be the last epoch for quite some time, because until further improvements to other parts of the network (such as a custom VAE, variable res, etc), we think that further training is not necessary because the model has converged on a decent style for now.
IMPORTANT NOTE: during training explicit was misspelled as explict. Using the misspelled version results in better cocks. Sorry :<",model,direct,https://sexy.canine.wf/file/yiffy-ckpt/yiffy-e18.ckpt,,
Yiffy yiffy-e18.ckpt [50ad914b] (torrent),"Based on yiffy-e15, trained for a further 3 epochs using a dataset of 210k images from e621.

This will likely be the last epoch for quite some time, because until further improvements to other parts of the network (such as a custom VAE, variable res, etc), we think that further training is not necessary because the model has converged on a decent style for now.
IMPORTANT NOTE: during training explicit was misspelled as explict. Using the misspelled version results in better cocks. Sorry :<",model,torrent,magnet:?xt=urn:btih:b177dd04ae7062b541c82ad26f897e0a9fa514f4&dn=yiffy-e18.ckpt&tr=udp%3a%2f%2ftracker.opentrackr.org%3a1337%2fannounce,,
Yiffy yiffy-e15.ckpt [4bb305c0] (direct),"Based on yiffy-e13, trained for a further 2 epochs using a dataset of 210k images from e621.

IMPORTANT NOTE: during training explicit was misspelled as explict. Using the misspelled version results in better cocks. Sorry :<",model,direct,https://sexy.canine.wf/file/yiffy-ckpt/yiffy-e15.ckpt,,
Yiffy yiffy-e15.ckpt [4bb305c0] (generate),"Based on yiffy-e13, trained for a further 2 epochs using a dataset of 210k images from e621.

IMPORTANT NOTE: during training explicit was misspelled as explict. Using the misspelled version results in better cocks. Sorry :<",model,generate,https://pixeldrain.com/u/qkRKKpqg,,
Yiffy yiffy-e15.ckpt [4bb305c0] (direct),"Based on yiffy-e13, trained for a further 2 epochs using a dataset of 210k images from e621.

IMPORTANT NOTE: during training explicit was misspelled as explict. Using the misspelled version results in better cocks. Sorry :<",model,direct,https://iwiftp.yerf.org/Furry/Software/Stable%20Diffusion%20Furry%20Finetune%20Models/Finetune%20models/yiffy-e15.ckpt,,
Yiffy yiffy-e15.ckpt [4bb305c0] (torrent),"Based on yiffy-e13, trained for a further 2 epochs using a dataset of 210k images from e621.

IMPORTANT NOTE: during training explicit was misspelled as explict. Using the misspelled version results in better cocks. Sorry :<",model,torrent,magnet:?xt=urn:btih:2b8d5f308244eddf56d4a350df84d63045e65dd6&dn=yiffy-e15.ckpt&tr=udp%3A%2F%2Ftracker.opentrackr.org%3A1337%2Fannounce&tr=udp%3A%2F%2F9.rarbg.com%3A2810%2Fannounce&tr=udp%3A%2F%2Ftracker.openbittorrent.com%3A6969%2Fannounce&tr=udp%3A%2F%2Fopentracker.i2p.rocks%3A6969%2Fannounce&tr=https%3A%2F%2Fopentracker.i2p.rocks%3A443%2Fannounce&tr=http%3A%2F%2Ftracker.openbittorrent.com%3A80%2Fannounce&tr=udp%3A%2F%2Ftracker.torrent.eu.org%3A451%2Fannounce&tr=udp%3A%2F%2Fopen.stealth.si%3A80%2Fannounce&tr=udp%3A%2F%2Ftracker.tiny-vps.com%3A6969%2Fannounce&tr=udp%3A%2F%2Fzecircle.xyz%3A6969%2Fannounce&tr=udp%3A%2F%2Fyahor.ftp.sh%3A6969%2Fannounce&tr=udp%3A%2F%2Fvibe.sleepyinternetfun.xyz%3A1738%2Fannounce&tr=udp%3A%2F%2Fv2.iperson.xyz%3A6969%2Fannounce&tr=udp%3A%2F%2Fuploads.gamecoast.net%3A6969%2Fannounce&tr=udp%3A%2F%2Ftracker2.dler.org%3A80%2Fannounce&tr=udp%3A%2F%2Ftracker1.bt.moack.co.kr%3A80%2Fannounce&tr=udp%3A%2F%2Ftracker.theoks.net%3A6969%2Fannounce&tr=udp%3A%2F%2Ftracker.tcp.exchange%3A6969%2Fannounce&tr=udp%3A%2F%2Ftracker.swateam.org.uk%3A2710%2Fannounce&tr=udp%3A%2F%2Ftracker.publictracker.xyz%3A6969%2Fannounce&tr=http%3A%2F%2Ftracker.bt4g.com%3A2095%2Fannounce,,
Yiffy yiffy-e13.ckpt [778b38ae] (direct),"first 4 epochs were trained on ~70k images with lama infilling (the cause of all of our headaches, because the network found a pattern in the edges and started replicating it everywhere)
next 6 epochs were trained on ~120k images with random cropping and a lower LR
last epochs were done on a different dataset, not bigger than 150k
IMPORTANT NOTE: during training explicit was misspelled as explict. Using the misspelled version results in better cocks. Sorry :<

Tag counts https://mega.nz/file/ZkkTEYJY#X_j191NtHJRp0BKJusTqmWrs1-AdAILy99mqSAMpWbo or https://pixeldrain.com/u/TkwJU3WG",model,direct,https://iwiftp.yerf.org/Furry/Software/Stable%20Diffusion%20Furry%20Finetune%20Models/Finetune%20models/yiffy-e13.ckpt,,
Yiffy yiffy-e13.ckpt [778b38ae] (torrent),"first 4 epochs were trained on ~70k images with lama infilling (the cause of all of our headaches, because the network found a pattern in the edges and started replicating it everywhere)
next 6 epochs were trained on ~120k images with random cropping and a lower LR
last epochs were done on a different dataset, not bigger than 150k
IMPORTANT NOTE: during training explicit was misspelled as explict. Using the misspelled version results in better cocks. Sorry :<

Tag counts https://mega.nz/file/ZkkTEYJY#X_j191NtHJRp0BKJusTqmWrs1-AdAILy99mqSAMpWbo orhttps://pixeldrain.com/u/TkwJU3WGG",model,torrent,magnet:?xt=urn:btih:6d749325cbdcf1fc044483fb0d53c233b60735dc&dn=yiffy-e13.ckpt&tr=udp%3A%2F%2Ftracker.opentrackr.org%3A1337%2Fannounce&tr=udp%3A%2F%2F9.rarbg.com%3A2810%2Fannounce&tr=udp%3A%2F%2Ftracker.openbittorrent.com%3A6969%2Fannounce&tr=udp%3A%2F%2Fopentracker.i2p.rocks%3A6969%2Fannounce&tr=https%3A%2F%2Fopentracker.i2p.rocks%3A443%2Fannounce&tr=http%3A%2F%2Ftracker.openbittorrent.com%3A80%2Fannounce&tr=udp%3A%2F%2Ftracker.torrent.eu.org%3A451%2Fannounce&tr=udp%3A%2F%2Fopen.stealth.si%3A80%2Fannounce&tr=udp%3A%2F%2Ftracker.tiny-vps.com%3A6969%2Fannounce&tr=udp%3A%2F%2Fzecircle.xyz%3A6969%2Fannounce&tr=udp%3A%2F%2Fyahor.ftp.sh%3A6969%2Fannounce&tr=udp%3A%2F%2Fvibe.sleepyinternetfun.xyz%3A1738%2Fannounce&tr=udp%3A%2F%2Fv2.iperson.xyz%3A6969%2Fannounce&tr=udp%3A%2F%2Fuploads.gamecoast.net%3A6969%2Fannounce&tr=udp%3A%2F%2Ftracker2.dler.org%3A80%2Fannounce&tr=udp%3A%2F%2Ftracker1.bt.moack.co.kr%3A80%2Fannounce&tr=udp%3A%2F%2Ftracker.theoks.net%3A6969%2Fannounce&tr=udp%3A%2F%2Ftracker.tcp.exchange%3A6969%2Fannounce&tr=udp%3A%2F%2Ftracker.swateam.org.uk%3A2710%2Fannounce&tr=udp%3A%2F%2Ftracker.publictracker.xyz%3A6969%2Fannounce&tr=http%3A%2F%2Ftracker.bt4g.com%3A2095%2Fannounce,,
SnackBar-General-V1-E11 [16d5a5c7] (generate),"This model was trained with waifu diffusion using the top 300k images on e621 with certain tags. Use e621 tags in prompts with underscores. You might get better results if you order them as follows:

[safe/questionable/explicit]_content [artist] [copyrights] [characters] [species] [general]

For better results, set 'Stop At last layers of CLIP model' in the webui settings to 2.
Sample images:
https://media.discordapp.net/attachments/528278867572424710/1036765895797788682/09785-69750433-safe_content_renamon.png
https://media.discordapp.net/attachments/528278867572424710/1036765867645603870/09627-1184405578-safe_content_lucario_anthro_male_solo_cute_clothing_adorable.png",model,generate,https://pixeldrain.com/u/uMb3Bnw6,,
SnackBar-General-V1-E11 [16d5a5c7] (torrent),"This model was trained with waifu diffusion using the top 300k images on e621 with certain tags. Use e621 tags in prompts with underscores. You might get better results if you order them as follows:

[safe/questionable/explicit]_content [artist] [copyrights] [characters] [species] [general]

For better results, set 'Stop At last layers of CLIP model' in the webui settings to 2.
Sample images:
https://media.discordapp.net/attachments/528278867572424710/1036765895797788682/09785-69750433-safe_content_renamon.pnghttps://media.discordapp.net/attachments/528278867572424710/1036765867645603870/09627-1184405578-safe_content_lucario_anthro_male_solo_cute_clothing_adorable.pngg",model,torrent,magnet:?xt=urn:btih:3e18a1d0b988f66c23a472e556ae15fed150d5cc&dn=snackbar-general-v1-e11-pruned.ckpt&tr=udp%3a%2f%2ftracker.opentrackr.org%3a1337%2fannounce&tr=udp%3a%2f%2f9.rarbg.com%3a2810%2fannounce&tr=udp%3a%2f%2fopentracker.i2p.rocks%3a6969%2fannounce&tr=udp%3a%2f%2fopen.stealth.si%3a80%2fannounce&tr=https%3a%2f%2fopentracker.i2p.rocks%3a443%2fannounce&tr=udp%3a%2f%2ftracker.torrent.eu.org%3a451%2fannounce&tr=udp%3a%2f%2ftracker.openbittorrent.com%3a6969%2fannounce&tr=http%3a%2f%2ftracker.openbittorrent.com%3a80%2fannounce&tr=udp%3a%2f%2fvibe.sleepyinternetfun.xyz%3a1738%2fannounce&tr=udp%3a%2f%2ftracker2.dler.org%3a80%2fannounce&tr=udp%3a%2f%2ftracker1.bt.moack.co.kr%3a80%2fannounce&tr=udp%3a%2f%2ftracker.zerobytes.xyz%3a1337%2fannounce&tr=udp%3a%2f%2ftracker.zemoj.com%3a6969%2fannounce&tr=udp%3a%2f%2ftracker.tiny-vps.com%3a6969%2fannounce&tr=udp%3a%2f%2ftracker.theoks.net%3a6969%2fannounce&tr=udp%3a%2f%2ftracker.swateam.org.uk%3a2710%2fannounce&tr=udp%3a%2f%2ftracker.publictracker.xyz%3a6969%2fannounce&tr=udp%3a%2f%2ftracker.moeking.me%3a6969%2fannounce&tr=udp%3a%2f%2ftracker.encrypted-data.xyz%3a1337%2fannounce&tr=udp%3a%2f%2ftracker.dler.org%3a6969%2fannounce,,
Furry Furry_epoch4.ckpt [323f8dd8] (torrent),"Trained on 300k images from e621.
Tag counts: https://mega.nz/file/co0UlQ5Z#vERcoYTWGJguTsXmysbLq1NL_xBS8txQhVvPI5E3QKE or https://pixeldrain.com/u/FQwRjyyk",model,torrent,magnet:?xt=urn:btih:a9635389ae4c5583b0cc76ec8f6dce35438b3016&dn=furry_epoch4.ckpt&tr=udp%3A%2F%2Ftracker.opentrackr.org%3A1337%2Fannounce&tr=udp%3A%2F%2F9.rarbg.com%3A2810%2Fannounce&tr=udp%3A%2F%2Ftracker.openbittorrent.com%3A6969%2Fannounce&tr=udp%3A%2F%2Fopentracker.i2p.rocks%3A6969%2Fannounce&tr=https%3A%2F%2Fopentracker.i2p.rocks%3A443%2Fannounce&tr=http%3A%2F%2Ftracker.openbittorrent.com%3A80%2Fannounce&tr=udp%3A%2F%2Ftracker.torrent.eu.org%3A451%2Fannounce&tr=udp%3A%2F%2Fopen.stealth.si%3A80%2Fannounce&tr=udp%3A%2F%2Ftracker.tiny-vps.com%3A6969%2Fannounce&tr=udp%3A%2F%2Fzecircle.xyz%3A6969%2Fannounce&tr=udp%3A%2F%2Fyahor.ftp.sh%3A6969%2Fannounce&tr=udp%3A%2F%2Fvibe.sleepyinternetfun.xyz%3A1738%2Fannounce&tr=udp%3A%2F%2Fv2.iperson.xyz%3A6969%2Fannounce&tr=udp%3A%2F%2Fuploads.gamecoast.net%3A6969%2Fannounce&tr=udp%3A%2F%2Ftracker2.dler.org%3A80%2Fannounce&tr=udp%3A%2F%2Ftracker1.bt.moack.co.kr%3A80%2Fannounce&tr=udp%3A%2F%2Ftracker.theoks.net%3A6969%2Fannounce&tr=udp%3A%2F%2Ftracker.tcp.exchange%3A6969%2Fannounce&tr=udp%3A%2F%2Ftracker.swateam.org.uk%3A2710%2Fannounce&tr=udp%3A%2F%2Ftracker.publictracker.xyz%3A6969%2Fannounce&tr=http%3A%2F%2Ftracker.bt4g.com%3A2095%2Fannounce,,
Furry Furry_epoch4.ckpt [323f8dd8] (generate),"Trained on 300k images from e621.
Tag counts: https://mega.nz/file/co0UlQ5Z#vERcoYTWGJguTsXmysbLq1NL_xBS8txQhVvPI5E3QKE or https://pixeldrain.com/u/FQwRjyyk",model,generate,https://pixeldrain.com/u/dtYiYN7g,,
Furry Furry_epoch4.ckpt [323f8dd8] (direct),"Trained on 300k images from e621.
Tag counts: https://mega.nz/file/co0UlQ5Z#vERcoYTWGJguTsXmysbLq1NL_xBS8txQhVvPI5E3QKE orhttps://pixeldrain.com/u/FQwRjyykk",model,direct,https://iwiftp.yerf.org/Furry/Software/Stable%20Diffusion%20Furry%20Finetune%20Models/Finetune%20models/furry_epoch4.ckpt,,
Furry Furry_epoch1.ckpt [0c891127] (torrent),"Trained on 300k images from e621.
Tag counts: https://mega.nz/file/co0UlQ5Z#vERcoYTWGJguTsXmysbLq1NL_xBS8txQhVvPI5E3QKE or https://pixeldrain.com/u/FQwRjyyk",model,torrent,magnet:?xt=urn:btih:d62bc9a088b206565005cab915a58fd26da1802e&dn=furry_epoch1.ckpt&tr=udp%3A%2F%2Ftracker.opentrackr.org%3A1337%2Fannounce&tr=udp%3A%2F%2F9.rarbg.com%3A2810%2Fannounce&tr=udp%3A%2F%2Ftracker.openbittorrent.com%3A6969%2Fannounce&tr=udp%3A%2F%2Fopentracker.i2p.rocks%3A6969%2Fannounce&tr=https%3A%2F%2Fopentracker.i2p.rocks%3A443%2Fannounce&tr=http%3A%2F%2Ftracker.openbittorrent.com%3A80%2Fannounce&tr=udp%3A%2F%2Ftracker.torrent.eu.org%3A451%2Fannounce&tr=udp%3A%2F%2Fopen.stealth.si%3A80%2Fannounce&tr=udp%3A%2F%2Ftracker.tiny-vps.com%3A6969%2Fannounce&tr=udp%3A%2F%2Fzecircle.xyz%3A6969%2Fannounce&tr=udp%3A%2F%2Fyahor.ftp.sh%3A6969%2Fannounce&tr=udp%3A%2F%2Fvibe.sleepyinternetfun.xyz%3A1738%2Fannounce&tr=udp%3A%2F%2Fv2.iperson.xyz%3A6969%2Fannounce&tr=udp%3A%2F%2Fuploads.gamecoast.net%3A6969%2Fannounce&tr=udp%3A%2F%2Ftracker2.dler.org%3A80%2Fannounce&tr=udp%3A%2F%2Ftracker1.bt.moack.co.kr%3A80%2Fannounce&tr=udp%3A%2F%2Ftracker.theoks.net%3A6969%2Fannounce&tr=udp%3A%2F%2Ftracker.tcp.exchange%3A6969%2Fannounce&tr=udp%3A%2F%2Ftracker.swateam.org.uk%3A2710%2Fannounce&tr=udp%3A%2F%2Ftracker.publictracker.xyz%3A6969%2Fannounce&tr=http%3A%2F%2Ftracker.bt4g.com%3A2095%2Fannounce,,
Furry Furry_epoch1.ckpt [0c891127] (direct),"Trained on 300k images from e621.
Tag counts: https://mega.nz/file/co0UlQ5Z#vERcoYTWGJguTsXmysbLq1NL_xBS8txQhVvPI5E3QKE or https://pixeldrain.com/u/FQwRjyyk",model,direct,https://iwiftp.yerf.org/Furry/Software/Stable%20Diffusion%20Furry%20Finetune%20Models/Finetune%20models/furry_epoch1.ckpt,,
Furry Furry_epoch0.ckpt [8c19ee5a] (direct),"Trained on 300k images from e621.
Tag counts: https://mega.nz/file/co0UlQ5Z#vERcoYTWGJguTsXmysbLq1NL_xBS8txQhVvPI5E3QKE orhttps://pixeldrain.com/u/FQwRjyykk",model,direct,https://iwiftp.yerf.org/Furry/Software/Stable%20Diffusion%20Furry%20Finetune%20Models/Finetune%20models/furry_epoch0_ckpt,,
Zack3D_Kinky-v1.ckpt [1a75d5c6] (generate),"This is a NSFW model trained from SD v1.4, great for general furry but specializes in the kinky side of art such as
Transformation, latex, tentacles, goo, ferals, bondage, and a lot more that I cant remember. Uses over 100k images all aesthetics filtered.
Prompt is raw E621 tags, so with underscores.",model,generate,https://pixeldrain.com/u/DEocAHsx,,
Zack3D_Kinky-v1.ckpt [1a75d5c6] (torrent),"This is a NSFW model trained from SD v1.4, great for general furry but specializes in the kinky side of art such as
Transformation, latex, tentacles, goo, ferals, bondage, and a lot more that I cant remember. Uses over 100k images all aesthetics filtered.
Prompt is raw E621 tags, so with underscores.",model,torrent,magnet:?xt=urn:btih:807a71d3ed3f887e41c492cf24fbd3c6f5a81534&dn=Zack3D_Kinky-v1.ckpt&tr=udp%3a%2f%2ftracker.opentrackr.org%3a1337%2fannounce&tr=udp%3a%2f%2fopen.tracker.cl%3a1337%2fannounce,,
Anal Vore AVHumanFurryPony7.ckpt [68e2e32d] (mega),"Anal vore. 7 epochs continued from Zack3D_Kinky-v1.
Tags https://mega.nz/file/FmxSnRZa#I4JgsLTiXWoFUoDrQBWfVNnooUUOxqkFHEOPuCE1Hdc
Example prompts https://mega.nz/file/hu5QnJgJ#DFmvHDuEpm7OdDkQD_wIRrCo7x8j3lqYkhC4aS-egvs",model,mega,https://mega.nz/file/4jR2WAIZ#p0A7eorXgI_ywC06zQiLcPwE3QdStEa86wwEdrDIE7A,,
R34 r34_e4.ckpt [6e45cf2c] (torrent),"Fifth epoch.
Tag counts: https://mega.nz/file/4sFn0AxQ#pHDvIE5eKJC3NSNpgdEw-ve0WSlWjtsTvfpe7YaYh1Q",model,torrent,magnet:?xt=urn:btih:ed9f0e3f849d7119107ef4e072c6abeb129e1a51&dn=r34_e4.ckpt&tr=udp%3a%2f%2ftracker.opentrackr.org%3a1337%2fannounce&tr=udp%3a%2f%2f9.rarbg.com%3a2810%2fannounce&tr=udp%3a%2f%2ftracker.openbittorrent.com%3a6969%2fannounce&tr=http%3a%2f%2ftracker.openbittorrent.com%3a80%2fannounce&tr=udp%3a%2f%2fopentracker.i2p.rocks%3a6969%2fannounce&tr=https%3a%2f%2fopentracker.i2p.rocks%3a443%2fannounce&tr=udp%3a%2f%2fopen.stealth.si%3a80%2fannounce&tr=udp%3a%2f%2ftracker.torrent.eu.org%3a451%2fannounce&tr=udp%3a%2f%2ftracker2.dler.org%3a80%2fannounce&tr=udp%3a%2f%2ftracker.tiny-vps.com%3a6969%2fannounce&tr=udp%3a%2f%2ftracker.moeking.me%3a6969%2fannounce&tr=udp%3a%2f%2ftracker.dler.org%3a6969%2fannounce&tr=udp%3a%2f%2fpublic.tracker.vraphim.com%3a6969%2fannounce&tr=udp%3a%2f%2fp4p.arenabg.com%3a1337%2fannounce&tr=udp%3a%2f%2fopen.demonii.com%3a1337%2fannounce&tr=udp%3a%2f%2fmovies.zsw.ca%3a6969%2fannounce&tr=udp%3a%2f%2fipv4.tracker.harry.lu%3a80%2fannounce&tr=udp%3a%2f%2ffe.dealclub.de%3a6969%2fannounce&tr=udp%3a%2f%2fexplodie.org%3a6969%2fannounce&tr=udp%3a%2f%2fexodus.desync.com%3a6969%2fannounce,,
R34 r34_e4.ckpt [6e45cf2c] (mega),"Fifth epoch.
Tag counts:https://mega.nz/file/4sFn0AxQ#pHDvIE5eKJC3NSNpgdEw-ve0WSlWjtsTvfpe7YaYh1QQ",model,mega,https://mega.nz/file/yJgDUCzA#zOD2yeE6QLBqPEjEpIi2b4FWOlb64yVUveOd_eW6teI,,
R34 r34_e3.ckpt [57ea6f43] (mega),"r34 e3 (fourth epoch). Same dataset, prepended ""by"" to artist tags, artist recognition has improved a little bit (still needs to get better), character recognition has improved quite a bit.",model,mega,https://mega.nz/file/WVggzbRa#4-pcaLeLN02bdvzUwCn2QQKoLxCC7copAJHYyG4aOB0,,
R34 r34_e2.ckpt [778b68b1] (torrent),"Third epoch, again a pretty nice improvement over the last. Dataset grew by ~3K images, with 5K removed and 8K added.",model,torrent,magnet:?xt=urn:btih:ef93096b839a54bff77c585b1ba2518bc264d0b4&dn=r34_e2.ckpt&tr=udp%3a%2f%2ftracker.opentrackr.org%3a1337%2fannounce&tr=udp%3a%2f%2f9.rarbg.com%3a2810%2fannounce&tr=udp%3a%2f%2ftracker.openbittorrent.com%3a6969%2fannounce&tr=http%3a%2f%2ftracker.openbittorrent.com%3a80%2fannounce&tr=udp%3a%2f%2ftracker.torrent.eu.org%3a451%2fannounce&tr=udp%3a%2f%2fopentracker.i2p.rocks%3a6969%2fannounce&tr=udp%3a%2f%2fopen.stealth.si%3a80%2fannounce&tr=https%3a%2f%2fopentracker.i2p.rocks%3a443%2fannounce&tr=udp%3a%2f%2fvibe.sleepyinternetfun.xyz%3a1738%2fannounce&tr=udp%3a%2f%2ftracker2.dler.org%3a80%2fannounce&tr=udp%3a%2f%2ftracker1.bt.moack.co.kr%3a80%2fannounce&tr=udp%3a%2f%2ftracker.zemoj.com%3a6969%2fannounce&tr=udp%3a%2f%2ftracker.tiny-vps.com%3a6969%2fannounce&tr=udp%3a%2f%2ftracker.theoks.net%3a6969%2fannounce&tr=udp%3a%2f%2ftracker.swateam.org.uk%3a2710%2fannounce&tr=udp%3a%2f%2ftracker.publictracker.xyz%3a6969%2fannounce&tr=udp%3a%2f%2ftracker.monitorit4.me%3a6969%2fannounce&tr=udp%3a%2f%2ftracker.moeking.me%3a6969%2fannounce&tr=udp%3a%2f%2ftracker.lelux.fi%3a6969%2fannounce&tr=udp%3a%2f%2ftracker.filemail.com%3a6969%2fannounce,,
R34 r34_e2.ckpt [778b68b1] (mega),"Third epoch, again a pretty nice improvement over the last. Dataset grew by ~3K images, with 5K removed and 8K added.",model,mega,https://mega.nz/file/3JQ13JTZ#sdByZl4rXp7uxxIDutGs5GHg5RkGZfLrTA5wQEfkDJE,,
R34 r34_e1.ckpt [f9000e4e] (torrent),"I yeeted about 30K images and then added 20K back from good artists, and lowered the LR significantly to reflect my batch size, I think it's improved significantly but I didn't save any prompts/settings from epoch0 to compare it with.",model,torrent,magnet:?xt=urn:btih:aa575688ad99cf4bf8e5ee8ab026de9ef61f2d19&dn=r34_e1.ckpt&tr=udp%3a%2f%2ftracker.opentrackr.org%3a1337%2fannounce&tr=udp%3a%2f%2f9.rarbg.com%3a2810%2fannounce&tr=udp%3a%2f%2ftracker.openbittorrent.com%3a6969%2fannounce&tr=http%3a%2f%2ftracker.openbittorrent.com%3a80%2fannounce&tr=udp%3a%2f%2fopentracker.i2p.rocks%3a6969%2fannounce&tr=https%3a%2f%2fopentracker.i2p.rocks%3a443%2fannounce&tr=udp%3a%2f%2fopen.stealth.si%3a80%2fannounce&tr=udp%3a%2f%2ftracker.torrent.eu.org%3a451%2fannounce&tr=udp%3a%2f%2ftracker.tiny-vps.com%3a6969%2fannounce&tr=udp%3a%2f%2ftracker.moeking.me%3a6969%2fannounce&tr=udp%3a%2f%2ftracker.0x.tf%3a6969%2fannounce&tr=udp%3a%2f%2fp4p.arenabg.com%3a1337%2fannounce&tr=udp%3a%2f%2fopen.demonii.com%3a1337%2fannounce&tr=udp%3a%2f%2fmovies.zsw.ca%3a6969%2fannounce&tr=udp%3a%2f%2fipv4.tracker.harry.lu%3a80%2fannounce&tr=udp%3a%2f%2fexplodie.org%3a6969%2fannounce&tr=udp%3a%2f%2fexodus.desync.com%3a6969%2fannounce&tr=udp%3a%2f%2fbt.oiyo.tk%3a6969%2fannounce&tr=https%3a%2f%2ftracker.nanoha.org%3a443%2fannounce&tr=https%3a%2f%2ftracker.lilithraws.org%3a443%2fannounce,,
R34 r34_e1.ckpt [f9000e4e] (mega),"I yeeted about 30K images and then added 20K back from good artists, and lowered the LR significantly to reflect my batch size, I think it's improved significantly but I didn't save any prompts/settings from epoch0 to compare it with.",model,mega,https://mega.nz/file/OdxnkAaQ#-9VBG4jyPqlQIcRRnojtNWvhdJQFbmmfGU9I2QGWV5o,,
R34 r34_150k_epoch0-pruned-fp16.ckpt [7dc34283] (torrent),"Trained on 150K images from rule34.xxx. 1 epoch.
Tag counts: https://mega.nz/file/UhsWjBCI#XOvN31pil7_g9YgtzpchpJwyOnVHxrE-dlhxBLYku0I",model,torrent,magnet:?xt=urn:btih:a8f34e4f7f0bc5298516082b41b5e920b8cc483c&dn=r34_150k_epoch0-pruned-fp16.ckpt&tr=udp%3a%2f%2ftracker.opentrackr.org%3a1337%2fannounce&tr=udp%3a%2f%2f9.rarbg.com%3a2810%2fannounce&tr=udp%3a%2f%2ftracker.openbittorrent.com%3a6969%2fannounce&tr=http%3a%2f%2ftracker.openbittorrent.com%3a80%2fannounce&tr=udp%3a%2f%2fopentracker.i2p.rocks%3a6969%2fannounce&tr=https%3a%2f%2fopentracker.i2p.rocks%3a443%2fannounce&tr=udp%3a%2f%2ftracker.torrent.eu.org%3a451%2fannounce&tr=udp%3a%2f%2ftracker.tiny-vps.com%3a6969%2fannounce&tr=udp%3a%2f%2ftracker.pomf.se%3a80%2fannounce&tr=udp%3a%2f%2ftracker.moeking.me%3a6969%2fannounce&tr=udp%3a%2f%2ftracker.dler.org%3a6969%2fannounce&tr=udp%3a%2f%2ftracker.0x.tf%3a6969%2fannounce&tr=udp%3a%2f%2fp4p.arenabg.com%3a1337%2fannounce&tr=udp%3a%2f%2fopen.stealth.si%3a80%2fannounce&tr=udp%3a%2f%2fopen.demonii.com%3a1337%2fannounce&tr=udp%3a%2f%2fmovies.zsw.ca%3a6969%2fannounce&tr=udp%3a%2f%2fipv4.tracker.harry.lu%3a80%2fannounce&tr=udp%3a%2f%2fexplodie.org%3a6969%2fannounce&tr=udp%3a%2f%2fexodus.desync.com%3a6969%2fannounce&tr=udp%3a%2f%2fbt2.archive.org%3a6969%2fannounce,,
R34 r34_150k_epoch0.ckpt [7c3721c3] (torrent),"Trained on 150K images from rule34.xxx. 1 epoch.
Tag counts:https://mega.nz/file/UhsWjBCI#XOvN31pil7_g9YgtzpchpJwyOnVHxrE-dlhxBLYku0II",model,torrent,magnet:?xt=urn:btih:PVTASWQ5GXC4NXGKAZU5LVXJZX3PR6R2&dn=r34_150k_epoch0.ckpt&xl=11142098457&tr=udp%3A%2F%2Ftracker.pomf.se%3A80%2Fannounce,,
R34 r34_150k_epoch0.ckpt [7c3721c3] (mega),"Trained on 150K images from rule34.xxx. 1 epoch.
Tag counts:https://mega.nz/file/UhsWjBCI#XOvN31pil7_g9YgtzpchpJwyOnVHxrE-dlhxBLYku0II",model,mega,https://mega.nz/file/fdpVCZqB#C3G1_Qs9K65oh_9RHIJoiO1eE5Ns07mvqVdVYXq9uoo,,
Gape gape60 [25396b85] (torrent),"60th epoch (120k steps)
gaping/large insertion/other model trained on danbooru, gelbooru, sankaku: all of gaping anus, gaping pussy, large insertion, huge dildo, fisting, prolapse, all the way through + some others.
Info https://rentry.org/gapemodel",model,torrent,magnet:?xt=urn:btih:b892f6e7e6e287ca2ea59d2c575fdf5ae1f82d92&dn=gape60.ckpt&tr=udp%3A%2F%2Ftracker.opentrackr.org%3A1337%2Fannounce&tr=udp%3A%2F%2F9.rarbg.com%3A2810%2Fannounce&tr=udp%3A%2F%2Ftracker.openbittorrent.com%3A6969%2Fannounce&tr=http%3A%2F%2Ftracker.openbittorrent.com%3A80%2Fannounce&tr=udp%3A%2F%2Fopentracker.i2p.rocks%3A6969%2Fannounce&tr=udp%3A%2F%2Fopen.stealth.si%3A80%2Fannounce&tr=https%3A%2F%2Fopentracker.i2p.rocks%3A443%2Fannounce&tr=udp%3A%2F%2Ftracker.torrent.eu.org%3A451%2Fannounce&tr=udp%3A%2F%2Fvibe.sleepyinternetfun.xyz%3A1738%2Fannounce&tr=udp%3A%2F%2Ftracker2.dler.org%3A80%2Fannounce&tr=udp%3A%2F%2Ftracker1.bt.moack.co.kr%3A80%2Fannounce&tr=udp%3A%2F%2Ftracker.zerobytes.xyz%3A1337%2Fannounce&tr=udp%3A%2F%2Ftracker.zemoj.com%3A6969%2Fannounce&tr=udp%3A%2F%2Ftracker.tiny-vps.com%3A6969%2Fannounce&tr=udp%3A%2F%2Ftracker.theoks.net%3A6969%2Fannounce&tr=udp%3A%2F%2Ftracker.swateam.org.uk%3A2710%2Fannounce&tr=udp%3A%2F%2Ftracker.publictracker.xyz%3A6969%2Fannounce&tr=udp%3A%2F%2Ftracker.pomf.se%3A80%2Fannounce&tr=udp%3A%2F%2Ftracker.monitorit4.me%3A6969%2Fannounce&tr=udp%3A%2F%2Ftracker.moeking.me%3A6969%2Fannounce&tr=http%3A%2F%2Ftracker.bt4g.com%3A2095%2Fannounce,,
Gape gape60 [25396b85] (mega),"60th epoch (120k steps)
gaping/large insertion/other model trained on danbooru, gelbooru, sankaku: all of gaping anus, gaping pussy, large insertion, huge dildo, fisting, prolapse, all the way through + some others.
Info https://rentry.org/gapemodel",model,mega,https://mega.nz/file/38RxVBiK#ocmQb_ahp078Imfcvc5SrAvJePOqvhNVBKfZIIeP74Q,,
Gape gape22 [d69e1a23] (torrent),"Presumably the 22nd epoch.
gaping model trained on sankaku and e621 data: all of gaping_anus, gaping_pussy, large_penetration, fisting, prolapse, etc (some shit omitted). based on yiffy15.
Info https://rentry.org/gapemodel",model,torrent,magnet:?xt=urn:btih:9d7aabfbac88940a0f93b076f3ce30bb4b06b7e8&dn=gape22_yiffy15.ckpt&tr=udp%3A%2F%2Ftracker.opentrackr.org%3A1337%2Fannounce&tr=udp%3A%2F%2F9.rarbg.com%3A2810%2Fannounce&tr=udp%3A%2F%2Ftracker.openbittorrent.com%3A6969%2Fannounce&tr=http%3A%2F%2Ftracker.openbittorrent.com%3A80%2Fannounce&tr=udp%3A%2F%2Fopentracker.i2p.rocks%3A6969%2Fannounce&tr=https%3A%2F%2Fopentracker.i2p.rocks%3A443%2Fannounce&tr=udp%3A%2F%2Ftracker.torrent.eu.org%3A451%2Fannounce&tr=udp%3A%2F%2Ftracker.tiny-vps.com%3A6969%2Fannounce&tr=udp%3A%2F%2Ftracker.pomf.se%3A80%2Fannounce&tr=udp%3A%2F%2Fp4p.arenabg.com%3A1337%2Fannounce&tr=udp%3A%2F%2Fopen.stealth.si%3A80%2Fannounce&tr=udp%3A%2F%2Fopen.demonii.com%3A1337%2Fannounce&tr=udp%3A%2F%2Fmovies.zsw.ca%3A6969%2Fannounce&tr=udp%3A%2F%2Fipv4.tracker.harry.lu%3A80%2Fannounce&tr=udp%3A%2F%2Fexplodie.org%3A6969%2Fannounce&tr=udp%3A%2F%2Fexodus.desync.com%3A6969%2Fannounce&tr=udp%3A%2F%2Fbt.oiyo.tk%3A6969%2Fannounce&tr=https%3A%2F%2Ftracker.nanoha.org%3A443%2Fannounce&tr=https%3A%2F%2Ftracker.lilithraws.org%3A443%2Fannounce&tr=https%3A%2F%2Ftr.burnabyhighstar.com%3A443%2Fannounce&tr=http%3A%2F%2Ftracker.bt4g.com%3A2095%2Fannounce,,
Gape gape22 [d69e1a23] (mega),"Presumably the 22nd epoch.
gaping model trained on sankaku and e621 data: all of gaping_anus, gaping_pussy, large_penetration, fisting, prolapse, etc (some shit omitted). based on yiffy15.
Infohttps://rentry.org/gapemodell",model,mega,https://mega.nz/file/29hmjYaA#GDdvgwJKKNFLMiaYA2RpuxFk7ormSrS32c05-s3JJCo,,
Gape gape18 (torrent),"Presumably the 18th epoch.
gaping model trained on e621 data: all of gaping_anus, gaping_pussy, large_penetration, fisting, prolapse, etc (some shit omitted). based on yiffy15.
Info https://rentry.org/gapemodel",model,torrent,magnet:?xt=urn:btih:9c0fac3978e650e0fa18c18ee74dc35479774c08&dn=gape18_yiffy15.ckpt&tr=udp%3A%2F%2Ftracker.opentrackr.org%3A1337%2Fannounce&tr=udp%3A%2F%2F9.rarbg.com%3A2810%2Fannounce&tr=udp%3A%2F%2Ftracker.openbittorrent.com%3A6969%2Fannounce&tr=http%3A%2F%2Ftracker.openbittorrent.com%3A80%2Fannounce&tr=udp%3A%2F%2Fopentracker.i2p.rocks%3A6969%2Fannounce&tr=https%3A%2F%2Fopentracker.i2p.rocks%3A443%2Fannounce&tr=udp%3A%2F%2Ftracker.torrent.eu.org%3A451%2Fannounce&tr=udp%3A%2F%2Ftracker.tiny-vps.com%3A6969%2Fannounce&tr=udp%3A%2F%2Ftracker.pomf.se%3A80%2Fannounce&tr=udp%3A%2F%2Fp4p.arenabg.com%3A1337%2Fannounce&tr=udp%3A%2F%2Fopen.stealth.si%3A80%2Fannounce&tr=udp%3A%2F%2Fopen.demonii.com%3A1337%2Fannounce&tr=udp%3A%2F%2Fmovies.zsw.ca%3A6969%2Fannounce&tr=udp%3A%2F%2Fipv4.tracker.harry.lu%3A80%2Fannounce&tr=udp%3A%2F%2Fexplodie.org%3A6969%2Fannounce&tr=udp%3A%2F%2Fexodus.desync.com%3A6969%2Fannounce&tr=udp%3A%2F%2Fbt.oiyo.tk%3A6969%2Fannounce&tr=https%3A%2F%2Ftracker.nanoha.org%3A443%2Fannounce&tr=https%3A%2F%2Ftracker.lilithraws.org%3A443%2Fannounce&tr=https%3A%2F%2Ftr.burnabyhighstar.com%3A443%2Fannounce&tr=http%3A%2F%2Ftracker.bt4g.com%3A2095%2Fannounce,,
sd-wikiart-v2.ckpt. [8f32b8df] (torrent),"sd-wikiart-v2 is a stable diffusion model that has been fine-tuned on the wikiart dataset to generate artistic images in different style and genres.
The current model has been fine-tuned with a learning rate of 1e-05 for 1 epoch on 81K text-image pairs from wikiart dataset. Only the attention layers of the model are fine-tuned. This is done to avoid catastrophic forgetting, the model can generate artistic images given specific prompts but still retains most of its previous knowledge.

Info https://huggingface.co/valhalla/sd-wikiart-v2",model,torrent,magnet:?xt=urn:btih:474493890c2532031fefc8ba3c44d8fed61f287a&dn=sd-wikiart-v2.ckpt&tr=udp%3a%2f%2ftracker.opentrackr.org%3a1337%2fannounce&tr=udp%3a%2f%2f9.rarbg.com%3a2810%2fannounce&tr=udp%3a%2f%2ftracker.openbittorrent.com%3a6969%2fannounce&tr=udp%3a%2f%2fopentracker.i2p.rocks%3a6969%2fannounce&tr=https%3a%2f%2fopentracker.i2p.rocks%3a443%2fannounce&tr=http%3a%2f%2ftracker.openbittorrent.com%3a80%2fannounce&tr=udp%3a%2f%2ftracker.torrent.eu.org%3a451%2fannounce&tr=udp%3a%2f%2fopen.stealth.si%3a80%2fannounce&tr=udp%3a%2f%2fvibe.sleepyinternetfun.xyz%3a1738%2fannounce&tr=udp%3a%2f%2ftracker2.dler.org%3a80%2fannounce&tr=udp%3a%2f%2ftracker1.bt.moack.co.kr%3a80%2fannounce&tr=udp%3a%2f%2ftracker.zemoj.com%3a6969%2fannounce&tr=udp%3a%2f%2ftracker.tiny-vps.com%3a6969%2fannounce&tr=udp%3a%2f%2ftracker.theoks.net%3a6969%2fannounce&tr=udp%3a%2f%2ftracker.publictracker.xyz%3a6969%2fannounce&tr=udp%3a%2f%2ftracker.monitorit4.me%3a6969%2fannounce&tr=udp%3a%2f%2ftracker.moeking.me%3a6969%2fannounce&tr=udp%3a%2f%2ftracker.lelux.fi%3a6969%2fannounce&tr=udp%3a%2f%2ftracker.dler.org%3a6969%2fannounce&tr=udp%3a%2f%2ftracker.army%3a6969%2fannounce,,
Pachu-Diffusion [54d5d199] (huggingface),"This fine-tuned Stable Diffusion v1.5 model was trained for 8000 iterations on the works of Pachu M. Torres. Training was performed using ShivamShrirao/diffusers with full precision, prior-preservation loss, the train-text-encoder feature, and the new 1.5 MSE VAE from Stability AI. A total of 4120 regularization / class images were used. Regularization images were generated using the prompt ""artwork style"", 50 DDIM steps, and a CFG of 7.
Use the tokens pachu artwork style in your prompts for the effect.

Repo https://huggingface.co/ProGamerGov/Pachu-Diffusion",model,huggingface,https://huggingface.co/ProGamerGov/Pachu-Diffusion/resolve/main/pachu_artwork_style_v1_iter8000.ckpt,,
TestFurry_5.ckpt [b1f1855e] (torrent),"Small model, trained with 40k dataset mixed furry and humans (~15k humans and 25k furry). No censorship, no speech bubbles, no comic strips. Gelbooru/e621 mixed tags. 5 epoch (still not finished but can do good results) NSFW!!
Tags order recommendation - type (furry if furry), character, source, author, race, gender, other description tags.
Trained on up to 225 tags, with penultimate layer (CLIP 2 in AUTO GUI)",model,torrent,magnet:?xt=urn:btih:0c0bbbf3182305d6e7e4707e566f2c60cf4e890f&dn=TestFurry_5.ckpt&tr=udp%3a%2f%2ftracker.opentrackr.org%3a1337%2fannounce&tr=udp%3a%2f%2f9.rarbg.com%3a2810%2fannounce&tr=udp%3a%2f%2ftracker.openbittorrent.com%3a6969%2fannounce&tr=udp%3a%2f%2fopentracker.i2p.rocks%3a6969%2fannounce&tr=https%3a%2f%2fopentracker.i2p.rocks%3a443%2fannounce&tr=http%3a%2f%2ftracker.openbittorrent.com%3a80%2fannounce&tr=udp%3a%2f%2fopen.stealth.si%3a80%2fannounce&tr=udp%3a%2f%2fvibe.sleepyinternetfun.xyz%3a1738%2fannounce&tr=udp%3a%2f%2ftracker1.bt.moack.co.kr%3a80%2fannounce&tr=udp%3a%2f%2ftracker.zemoj.com%3a6969%2fannounce&tr=udp%3a%2f%2ftracker.torrent.eu.org%3a451%2fannounce&tr=udp%3a%2f%2ftracker.tiny-vps.com%3a6969%2fannounce&tr=udp%3a%2f%2ftracker.theoks.net%3a6969%2fannounce&tr=udp%3a%2f%2ftracker.swateam.org.uk%3a2710%2fannounce&tr=udp%3a%2f%2ftracker.publictracker.xyz%3a6969%2fannounce&tr=udp%3a%2f%2ftracker.monitorit4.me%3a6969%2fannounce&tr=udp%3a%2f%2ftracker.moeking.me%3a6969%2fannounce&tr=udp%3a%2f%2ftracker.lelux.fi%3a6969%2fannounce&tr=udp%3a%2f%2ftracker.dler.org%3a6969%2fannounce&tr=udp%3a%2f%2ftracker.army%3a6969%2fannounce,,
cookie_sd_pony_run_a12 float16 [2ce7dcf5] [67ff5385] (direct),"This is the ""Cookie A12"" model.
Trained on 300k Derpibooru images with score.gt:100 for 2172700 steps.

New features;

Improved VAE
Improved CLIP Text Encoder
Generate images at any aspect ratio
Generate any derpibooru artist or OC to high accuracy.
Generate Anthro, Humanized, EqG, Dragon?, whatever exists in derpibooru.
Generate high quality results without ""magic words"" (https://u.smutty.horse/mjzakocpxtf.png)
No censored tags or data, NSFW+SFW.
Note:
Keep CLIP Skip off. The improved CLIP will break if you skip any layers.

Samples:
https://u.smutty.horse/mjzakocpxtf.png
https://drive.google.com/drive/folders/1nOZKI2iXpzjusvlCsZxF7NxKZYjvKOWE?usp=share_link",model,direct,https://sexy.canine.wf/file/furry-ckpt/cookie_sd_pony_run_a12_datasetv5_300k_imgs_fp16.ckpt,,
cookie_sd_pony_run_a12 float16 [2ce7dcf5] [67ff5385] (torrent),"This is the ""Cookie A12"" model.
Trained on 300k Derpibooru images with score.gt:100 for 2172700 steps.

New features;

Improved VAE
Improved CLIP Text Encoder
Generate images at any aspect ratio
Generate any derpibooru artist or OC to high accuracy.
Generate Anthro, Humanized, EqG, Dragon?, whatever exists in derpibooru.
Generate high quality results without ""magic words"" (https://u.smutty.horse/mjzakocpxtf.png)
No censored tags or data, NSFW+SFW.
Note:
Keep CLIP Skip off. The improved CLIP will break if you skip any layers.

Samples:
https://u.smutty.horse/mjzakocpxtf.pnghttps://drive.google.com/drive/folders/1nOZKI2iXpzjusvlCsZxF7NxKZYjvKOWE?usp=share_linkk",model,torrent,magnet:?xt=urn:btih:54d2d1d8f36d9ee192a3b84e6e6c0ddb68f4e891&dn=cookie_sd_pony_run_a12_datasetv5_300k_imgs_fp16.ckpt&tr=udp%3a%2f%2ftracker.opentrackr.org%3a1337%2fannounce&tr=udp%3a%2f%2f9.rarbg.com%3a2810%2fannounce&tr=udp%3a%2f%2fopentracker.i2p.rocks%3a6969%2fannounce&tr=udp%3a%2f%2fopen.stealth.si%3a80%2fannounce&tr=https%3a%2f%2fopentracker.i2p.rocks%3a443%2fannounce&tr=udp%3a%2f%2ftracker.torrent.eu.org%3a451%2fannounce&tr=http%3a%2f%2ftracker.openbittorrent.com%3a80%2fannounce&tr=udp%3a%2f%2fvibe.sleepyinternetfun.xyz%3a1738%2fannounce&tr=udp%3a%2f%2ftracker2.dler.org%3a80%2fannounce&tr=udp%3a%2f%2ftracker1.bt.moack.co.kr%3a80%2fannounce&tr=udp%3a%2f%2ftracker.zerobytes.xyz%3a1337%2fannounce&tr=udp%3a%2f%2ftracker.tiny-vps.com%3a6969%2fannounce&tr=udp%3a%2f%2ftracker.theoks.net%3a6969%2fannounce&tr=udp%3a%2f%2ftracker.swateam.org.uk%3a2710%2fannounce&tr=udp%3a%2f%2ftracker.pomf.se%3a80%2fannounce&tr=udp%3a%2f%2ftracker.monitorit4.me%3a6969%2fannounce&tr=udp%3a%2f%2ftracker.moeking.me%3a6969%2fannounce&tr=udp%3a%2f%2ftracker.lelux.fi%3a6969%2fannounce&tr=udp%3a%2f%2ftracker.encrypted-data.xyz%3a1337%2fannounce&tr=udp%3a%2f%2ftracker.army%3a6969%2fannounce,,
cookie_sd_pony_run_a12 float32 [2ce7dcf5] [67ff5385] (direct),"This is the ""Cookie A12"" model.
Trained on 300k Derpibooru images with score.gt:100 for 2172700 steps.

New features;

Improved VAE
Improved CLIP Text Encoder
Generate images at any aspect ratio
Generate any derpibooru artist or OC to high accuracy.
Generate Anthro, Humanized, EqG, Dragon?, whatever exists in derpibooru.
Generate high quality results without ""magic words"" (https://u.smutty.horse/mjzakocpxtf.png)
No censored tags or data, NSFW+SFW.
Note:
Keep CLIP Skip off. The improved CLIP will break if you skip any layers.

Samples:
https://u.smutty.horse/mjzakocpxtf.pnghttps://drive.google.com/drive/folders/1nOZKI2iXpzjusvlCsZxF7NxKZYjvKOWE?usp=share_linkk",model,direct,https://sexy.canine.wf/file/furry-ckpt/cookie_sd_pony_run_a12_datasetv5_300k_imgs_fp32.ckpt,,
cookie_sd_pony_run_a12 float32 [2ce7dcf5] [67ff5385] (mega),"This is the ""Cookie A12"" model.
Trained on 300k Derpibooru images with score.gt:100 for 2172700 steps.

New features;

Improved VAE
Improved CLIP Text Encoder
Generate images at any aspect ratio
Generate any derpibooru artist or OC to high accuracy.
Generate Anthro, Humanized, EqG, Dragon?, whatever exists in derpibooru.
Generate high quality results without ""magic words"" (https://u.smutty.horse/mjzakocpxtf.png)
No censored tags or data, NSFW+SFW.
Note:
Keep CLIP Skip off. The improved CLIP will break if you skip any layers.

Samples:
https://u.smutty.horse/mjzakocpxtf.pnghttps://drive.google.com/drive/folders/1nOZKI2iXpzjusvlCsZxF7NxKZYjvKOWE?usp=share_linkk",model,mega,https://mega.nz/folder/rIZwEaLZ#AwCpM7Zhu8TFgISQhAE8tw/folder/LRxjWBaJ,,
pony-diffusion pony-diffusion-v2 [5bdc40aa] (mega),"pony-diffusion is a latent text-to-image diffusion model that has been conditioned on high-quality pony and furry SFW and NSFW images through fine-tuning.
WARNING: Compared to v1 of this model, v2 is much more capable of producing NSFW content so it's recommended to use 'safe' tag in prompt in combination with negative prompt for image features you may want to suppress. v2 model also has a slight 3d bias so negative prompts like '3d' or 'sfm' should be used to better match v1 outputs.

Repo https://huggingface.co/AstraliteHeart/pony-diffusion-v2",model,mega,https://mega.nz/file/Va0Q0B4L#QAkbI2v0CnPkjMkK9IIJb2RZTegooQ8s6EpSm1S4CDk,,
pony-diffusion pony-diffusion-v1 [9070b574] (mega),"Fine-tuned on top of an early checkpoint of Waifu Diffusion with a learning rate of 5.0e-6 for 4 epochs on approximately 80k pony text-image pairs (using tags from derpibooru) which all have score greater than 500 and belong to categories safe or suggestive.
Info https://huggingface.co/AstraliteHeart/pony-diffusion",model,mega,https://mega.nz/file/ZT1xEKgC#Xxir5udMmU_mKaRZAbBkF247Yk7DqCr01V0pDzSlYI0,,
mio-wd-v1.2-e24-ex-ad [125f9ece] (torrent),"Small model trained on 500 (aprox) images on Mio (nichijou). 24 epochs.
Info: https://huggingface.co/chavinlo/mio-naganohara-waifu-diffusion",model,torrent,magnet:?xt=urn:btih:MS2YZ762U2IJZBG2GSEADRAA5KAOQCVQ&dn=mio-wd-v1.2-e24-ex-ad&tr=udp%3A%2F%2Ftracker.opentrackr.org%3A1337%2Fannounce,,
mio-wd-v1.2-e24-ex-ad [125f9ece] (huggingface),"Small model trained on 500 (aprox) images on Mio (nichijou). 24 epochs.
Info: https://huggingface.co/chavinlo/mio-naganohara-waifu-diffusion",model,huggingface,https://huggingface.co/chavinlo/mio-naganohara-waifu-diffusion/resolve/main/epoch%3D000023-pruned.ckpt,,
fubuki-ld-v1-e13-ex-ad [2af6d20f] (torrent),"Medium model trained on 5,000 images of Fubuki from Hololive. 13 Epochs Pruned, 3.8GB, includes samples.",model,torrent,magnet:?xt=urn:btih:D37QX2URIZ7QWMBCCLMZG6THZF5GLDB2&dn=fubuki-ld-v1-e13-ex-ad&tr=udp%3A%2F%2Ftracker.opentrackr.org%3A1337%2Fannounce,,
asuka-ld-v1-e4-ex-ad [87074080] (torrent),"Small model trained on 17,000 images of Asuka from Evangelion. 4 Epochs, Pruned, 3.6GB, does not include samples.",model,torrent,magnet:?xt=urn:btih:4GBOL6SMWLZWT2CBUWVMSF5NCGD47CGZ&dn=asuka-ld-v1-e4-ex-ad&tr=udp%3A%2F%2Ftracker.opentrackr.org%3A1337%2Fannounce,,
tomoko-kuroki-ld-v1-e20-ex-ad [6095e7ab] (torrent),"Small model trained on unknown number of images of Tomoko Kuroki. 20 Epochs, Pruned, 3.5GB, does not include samples.",model,torrent,magnet:?xt=urn:btih:3OFJJ76Y2K4W47RJ7EXFKI3BAZPPVTQM&dn=tomoko-kuroki-ld-v1-e20-ex-ad&tr=udp%3A%2F%2Ftracker.opentrackr.org%3A1337%2Fannounce,,